0	user0
1	user1
2	user2
3	user3
4	user4
5	user5
6	user6
7	user7
8	user8
9	user9
10	user10
11	user11
12	user12
13	user13
14	user14
15	user15
16	user16
17	user17
18	user18
19	user19
20	user20
21	user21
22	user22
23	user23
24	user24
25	user25
26	user26
27	user27
28	user28
29	user29
30	user30
31	user31
32	user32
33	user33
34	user34
35	user35
36	user36
37	user37
38	user38
39	user39
40	user40
41	user41
42	user42
43	user43
44	user44
45	user45
46	user46
47	user47
48	user48
49	user49
50	user50
51	user51
52	user52
53	user53
54	user54
55	user55
56	user56
57	user57
58	user58
59	user59
60	user60
61	user61
62	user62
63	user63
64	user64
65	user65
66	user66
67	user67
68	user68
69	user69
70	user70
71	user71
72	user72
73	user73
74	user74
75	user75
76	user76
77	user77
78	user78
79	user79
80	user80
81	user81
82	user82
83	user83
84	user84
85	user85
86	user86
87	user87
88	user88
89	user89
90	user90
91	user91
92	user92
93	user93
94	user94
95	user95
96	user96
97	user97
98	user98
99	user99
100	user100
101	user101
102	user102
103	user103
104	user104
105	user105
106	user106
107	user107
108	user108
109	user109
110	user110
111	user111
112	user112
113	user113
114	user114
115	user115
116	user116
117	user117
118	user118
119	user119
120	user120
121	user121
122	user122
123	user123
124	user124
125	user125
126	user126
127	user127
128	user128
129	user129
130	user130
131	user131
132	user132
133	user133
134	user134
135	user135
136	user136
137	user137
138	user138
139	user139
140	user140
141	user141
142	user142
143	user143
144	user144
145	user145
146	user146
147	user147
148	user148
149	user149
150	user150
151	user151
152	user152
153	user153
154	user154
155	user155
156	user156
157	user157
158	user158
159	user159
160	user160
161	user161
162	user162
163	user163
164	user164
165	user165
166	user166
167	user167
168	user168
169	user169
170	user170
171	user171
172	user172
173	user173
174	user174
175	user175
176	user176
177	user177
178	user178
179	user179
180	user180
181	user181
182	user182
183	user183
184	user184
185	user185
186	user186
187	user187
188	user188
189	user189
190	user190
191	user191
192	user192
193	user193
194	user194
195	user195
196	user196
197	user197
198	user198
199	user199
200	user200
201	user201
202	user202
203	user203
204	user204
205	user205
206	user206
207	user207
208	user208
209	user209
210	user210
211	user211
212	user212
213	user213
214	user214
215	user215
216	user216
217	user217
218	user218
219	user219
220	user220
221	user221
222	user222
223	user223
224	user224
225	user225
226	user226
227	user227
228	user228
229	user229
230	user230
231	user231
232	user232
233	user233
234	user234
235	user235
236	user236
237	user237
238	user238
239	user239
240	user240
241	user241
242	user242
243	user243
244	user244
245	user245
246	user246
247	user247
248	user248
249	user249
250	user250
251	user251
252	user252
253	user253
254	user254
255	user255
256	user256
257	user257
258	user258
259	user259
260	user260
261	user261
262	user262
263	user263
264	user264
265	user265
266	user266
267	user267
268	user268
269	user269
270	user270
271	user271
272	user272
273	user273
274	user274
275	user275
276	user276
277	user277
278	user278
279	user279
280	user280
281	user281
282	user282
283	user283
284	user284
285	user285
286	user286
287	user287
288	user288
289	user289
290	user290
291	user291
292	user292
293	user293
294	user294
295	user295
296	user296
297	user297
298	user298
299	user299
300	user300
301	user301
302	user302
303	user303
304	user304
305	user305
306	user306
307	user307
308	user308
309	user309
310	user310
311	user311
312	user312
313	user313
314	user314
315	user315
316	user316
317	user317
318	user318
319	user319
320	user320
321	user321
322	user322
323	user323
324	user324
325	user325
326	user326
327	user327
328	user328
329	user329
330	user330
331	user331
332	user332
333	user333
334	user334
335	user335
336	user336
337	user337
338	user338
339	user339
340	user340
341	user341
342	user342
343	user343
344	user344
345	user345
346	user346
347	user347
348	user348
349	user349
350	user350
351	user351
352	user352
353	user353
354	user354
355	user355
356	user356
357	user357
358	user358
359	user359
360	user360
361	user361
362	user362
363	user363
364	user364
365	user365
366	user366
367	user367
368	user368
369	user369
370	user370
371	user371
372	user372
373	user373
374	user374
375	user375
376	user376
377	user377
378	user378
379	user379
380	user380
381	user381
382	user382
383	user383
384	user384
385	user385
386	user386
387	user387
388	user388
389	user389
390	user390
391	user391
392	user392
393	user393
394	user394
395	user395
396	user396
397	user397
398	user398
399	user399
400	user400
401	user401
402	user402
403	user403
404	user404
405	user405
406	user406
407	user407
408	user408
409	user409
410	user410
411	user411
412	user412
413	user413
414	user414
415	user415
416	user416
417	user417
418	user418
419	user419
420	user420
421	user421
422	user422
423	user423
424	user424
425	user425
426	user426
427	user427
428	user428
429	user429
430	user430
431	user431
432	user432
433	user433
434	user434
435	user435
436	user436
437	user437
438	user438
439	user439
440	user440
441	user441
442	user442
443	user443
444	user444
445	user445
446	user446
447	user447
448	user448
449	user449
450	user450
451	user451
452	user452
453	user453
454	user454
455	user455
456	user456
457	user457
458	user458
459	user459
460	user460
461	user461
462	user462
463	user463
464	user464
465	user465
466	user466
467	user467
468	user468
469	user469
470	user470
471	user471
472	user472
473	user473
474	user474
475	user475
476	user476
477	user477
478	user478
479	user479
480	user480
481	user481
482	user482
483	user483
484	user484
485	user485
486	user486
487	user487
488	user488
489	user489
490	user490
491	user491
492	user492
493	user493
494	user494
495	user495
496	user496
497	user497
498	user498
499	user499
500	user500
501	user501
502	user502
503	user503
504	user504
505	user505
506	user506
507	user507
508	user508
509	user509
510	user510
511	user511
512	user512
513	user513
514	user514
515	user515
516	user516
517	user517
518	user518
519	user519
520	user520
521	user521
522	user522
523	user523
524	user524
525	user525
526	user526
527	user527
528	user528
529	user529
530	user530
531	user531
532	user532
533	user533
534	user534
535	user535
536	user536
537	user537
538	user538
539	user539
540	user540
541	user541
542	user542
543	user543
544	user544
545	user545
546	user546
547	user547
548	user548
549	user549
550	user550
551	user551
552	user552
553	user553
554	user554
555	user555
556	user556
557	user557
558	user558
559	user559
560	user560
561	user561
562	user562
563	user563
564	user564
565	user565
566	user566
567	user567
568	user568
569	user569
570	user570
571	user571
572	user572
573	user573
574	user574
575	user575
576	user576
577	user577
578	user578
579	user579
580	user580
581	user581
582	user582
583	user583
584	user584
585	user585
586	user586
587	user587
588	user588
589	user589
590	user590
591	user591
592	user592
593	user593
594	user594
595	user595
596	user596
597	user597
598	user598
599	user599
600	user600
601	user601
602	user602
603	user603
604	user604
605	user605
606	user606
607	user607
608	user608
609	user609
610	user610
611	user611
612	user612
613	user613
614	user614
615	user615
616	user616
617	user617
618	user618
619	user619
620	user620
621	user621
622	user622
623	user623
624	user624
625	user625
626	user626
627	user627
628	user628
629	user629
630	user630
631	user631
632	user632
633	user633
634	user634
635	user635
636	user636
637	user637
638	user638
639	user639
640	user640
641	user641
642	user642
643	user643
644	user644
645	user645
646	user646
647	user647
648	user648
649	user649
650	user650
651	user651
652	user652
653	user653
654	user654
655	user655
656	user656
657	user657
658	user658
659	user659
660	user660
661	user661
662	user662
663	user663
664	user664
665	user665
666	user666
667	user667
668	user668
669	user669
670	user670
671	user671
672	user672
673	user673
674	user674
675	user675
676	user676
677	user677
678	user678
679	user679
680	user680
681	user681
682	user682
683	user683
684	user684
685	user685
686	user686
687	user687
688	user688
689	user689
690	user690
691	user691
692	user692
693	user693
694	user694
695	user695
696	user696
697	user697
698	user698
699	user699
700	user700
701	user701
702	user702
703	user703
704	user704
705	user705
706	user706
707	user707
708	user708
709	user709
710	user710
711	user711
712	user712
713	user713
714	user714
715	user715
716	user716
717	user717
718	user718
719	user719
720	user720
721	user721
722	user722
723	user723
724	user724
725	user725
726	user726
727	user727
728	user728
729	user729
730	user730
731	user731
732	user732
733	user733
734	user734
735	user735
736	user736
737	user737
738	user738
739	user739
740	user740
741	user741
742	user742
743	user743
744	user744
745	user745
746	user746
747	user747
748	user748
749	user749
750	user750
751	user751
752	user752
753	user753
754	user754
755	user755
756	user756
757	user757
758	user758
759	user759
760	user760
761	user761
762	user762
763	user763
764	user764
765	user765
766	user766
767	user767
768	user768
769	user769
770	user770
771	user771
772	user772
773	user773
774	user774
775	user775
776	user776
777	user777
778	user778
779	user779
780	user780
781	user781
782	user782
783	user783
784	user784
785	user785
786	user786
787	user787
788	user788
789	user789
790	user790
791	user791
792	user792
793	user793
794	user794
795	user795
796	user796
797	user797
798	user798
799	user799
800	user800
801	user801
802	user802
803	user803
804	user804
805	user805
806	user806
807	user807
808	user808
809	user809
810	user810
811	user811
812	user812
813	user813
814	user814
815	user815
816	user816
817	user817
818	user818
819	user819
820	user820
821	user821
822	user822
823	user823
824	user824
825	user825
826	user826
827	user827
828	user828
829	user829
830	user830
831	user831
832	user832
833	user833
834	user834
835	user835
836	user836
837	user837
838	user838
839	user839
840	user840
841	user841
842	user842
843	user843
844	user844
845	user845
846	user846
847	user847
848	user848
849	user849
850	user850
851	user851
852	user852
853	user853
854	user854
855	user855
856	user856
857	user857
858	user858
859	user859
860	user860
861	user861
862	user862
863	user863
864	user864
865	user865
866	user866
867	user867
868	user868
869	user869
870	user870
871	user871
872	user872
873	user873
874	user874
875	user875
876	user876
877	user877
878	user878
879	user879
880	user880
881	user881
882	user882
883	user883
884	user884
885	user885
886	user886
887	user887
888	user888
889	user889
890	user890
891	user891
892	user892
893	user893
894	user894
895	user895
896	user896
897	user897
898	user898
899	user899
900	user900
901	user901
902	user902
903	user903
904	user904
905	user905
906	user906
907	user907
908	user908
909	user909
910	user910
911	user911
912	user912
913	user913
914	user914
915	user915
916	user916
917	user917
918	user918
919	user919
920	user920
921	user921
922	user922
923	user923
924	user924
925	user925
926	user926
927	user927
928	user928
929	user929
930	user930
931	user931
932	user932
933	user933
934	user934
935	user935
936	user936
937	user937
938	user938
939	user939
940	user940
941	user941
942	user942
943	user943
944	user944
945	user945
946	user946
947	user947
948	user948
949	user949
950	user950
951	user951
952	user952
953	user953
954	user954
955	user955
956	user956
957	user957
958	user958
959	user959
960	user960
961	user961
962	user962
963	user963
964	user964
965	user965
966	user966
967	user967
968	user968
969	user969
970	user970
971	user971
972	user972
973	user973
974	user974
975	user975
976	user976
977	user977
978	user978
979	user979
980	user980
981	user981
982	user982
983	user983
984	user984
985	user985
986	user986
987	user987
988	user988
989	user989
990	user990
991	user991
992	user992
993	user993
994	user994
995	user995
996	user996
997	user997
998	user998
999	user999
1000	user1000
1001	user1001
1002	user1002
1003	user1003
1004	user1004
1005	user1005
1006	user1006
1007	user1007
1008	user1008
1009	user1009
1010	user1010
1011	user1011
1012	user1012
1013	user1013
1014	user1014
1015	user1015
1016	user1016
1017	user1017
1018	user1018
1019	user1019
1020	user1020
1021	user1021
1022	user1022
1023	user1023
1024	user1024
1025	user1025
1026	user1026
1027	user1027
1028	user1028
1029	user1029
1030	user1030
1031	user1031
1032	user1032
1033	user1033
1034	user1034
1035	user1035
1036	user1036
1037	user1037
1038	user1038
1039	user1039
1040	user1040
1041	user1041
1042	user1042
1043	user1043
1044	user1044
1045	user1045
1046	user1046
1047	user1047
1048	user1048
1049	user1049
1050	user1050
1051	user1051
1052	user1052
1053	user1053
1054	user1054
1055	user1055
1056	user1056
1057	user1057
1058	user1058
1059	user1059
1060	user1060
1061	user1061
1062	user1062
1063	user1063
1064	user1064
1065	user1065
1066	user1066
1067	user1067
1068	user1068
1069	user1069
1070	user1070
1071	user1071
1072	user1072
1073	user1073
1074	user1074
1075	user1075
1076	user1076
1077	user1077
1078	user1078
1079	user1079
1080	user1080
1081	user1081
1082	user1082
1083	user1083
1084	user1084
1085	user1085
1086	user1086
1087	user1087
1088	user1088
1089	user1089
1090	user1090
1091	user1091
1092	user1092
1093	user1093
1094	user1094
1095	user1095
1096	user1096
1097	user1097
1098	user1098
1099	user1099
1100	user1100
1101	user1101
1102	user1102
1103	user1103
1104	user1104
1105	user1105
1106	user1106
1107	user1107
1108	user1108
1109	user1109
1110	user1110
1111	user1111
1112	user1112
1113	user1113
1114	user1114
1115	user1115
1116	user1116
1117	user1117
1118	user1118
1119	user1119
1120	user1120
1121	user1121
1122	user1122
1123	user1123
1124	user1124
1125	user1125
1126	user1126
1127	user1127
1128	user1128
1129	user1129
1130	user1130
1131	user1131
1132	user1132
1133	user1133
1134	user1134
1135	user1135
1136	user1136
1137	user1137
1138	user1138
1139	user1139
1140	user1140
1141	user1141
1142	user1142
1143	user1143
1144	user1144
1145	user1145
1146	user1146
1147	user1147
1148	user1148
1149	user1149
1150	user1150
1151	user1151
1152	user1152
1153	user1153
1154	user1154
1155	user1155
1156	user1156
1157	user1157
1158	user1158
1159	user1159
1160	user1160
1161	user1161
1162	user1162
1163	user1163
1164	user1164
1165	user1165
1166	user1166
1167	user1167
1168	user1168
1169	user1169
1170	user1170
1171	user1171
1172	user1172
1173	user1173
1174	user1174
1175	user1175
1176	user1176
1177	user1177
1178	user1178
1179	user1179
1180	user1180
1181	user1181
1182	user1182
1183	user1183
1184	user1184
1185	user1185
1186	user1186
1187	user1187
1188	user1188
1189	user1189
1190	user1190
1191	user1191
1192	user1192
1193	user1193
1194	user1194
1195	user1195
1196	user1196
1197	user1197
1198	user1198
1199	user1199
1200	user1200
1201	user1201
1202	user1202
1203	user1203
1204	user1204
1205	user1205
1206	user1206
1207	user1207
1208	user1208
1209	user1209
1210	user1210
1211	user1211
1212	user1212
1213	user1213
1214	user1214
1215	user1215
1216	user1216
1217	user1217
1218	user1218
1219	user1219
1220	user1220
1221	user1221
1222	user1222
1223	user1223
1224	user1224
1225	user1225
1226	user1226
1227	user1227
1228	user1228
1229	user1229
1230	user1230
1231	user1231
1232	user1232
1233	user1233
1234	user1234
1235	user1235
1236	user1236
1237	user1237
1238	user1238
1239	user1239
1240	user1240
1241	user1241
1242	user1242
1243	user1243
1244	user1244
1245	user1245
1246	user1246
1247	user1247
1248	user1248
1249	user1249
1250	user1250
1251	user1251
1252	user1252
1253	user1253
1254	user1254
1255	user1255
1256	user1256
1257	user1257
1258	user1258
1259	user1259
1260	user1260
1261	user1261
1262	user1262
1263	user1263
1264	user1264
1265	user1265
1266	user1266
1267	user1267
1268	user1268
1269	user1269
1270	user1270
1271	user1271
1272	user1272
1273	user1273
1274	user1274
1275	user1275
1276	user1276
1277	user1277
1278	user1278
1279	user1279
1280	user1280
1281	user1281
1282	user1282
1283	user1283
1284	user1284
1285	user1285
1286	user1286
1287	user1287
1288	user1288
1289	user1289
1290	user1290
1291	user1291
1292	user1292
1293	user1293
1294	user1294
1295	user1295
1296	user1296
1297	user1297
1298	user1298
1299	user1299
1300	user1300
1301	user1301
1302	user1302
1303	user1303
1304	user1304
1305	user1305
1306	user1306
1307	user1307
1308	user1308
1309	user1309
1310	user1310
1311	user1311
1312	user1312
1313	user1313
1314	user1314
1315	user1315
1316	user1316
1317	user1317
1318	user1318
1319	user1319
1320	user1320
1321	user1321
1322	user1322
1323	user1323
1324	user1324
1325	user1325
1326	user1326
1327	user1327
1328	user1328
1329	user1329
1330	user1330
1331	user1331
1332	user1332
1333	user1333
1334	user1334
1335	user1335
1336	user1336
1337	user1337
1338	user1338
1339	user1339
1340	user1340
1341	user1341
1342	user1342
1343	user1343
1344	user1344
1345	user1345
1346	user1346
1347	user1347
1348	user1348
1349	user1349
1350	user1350
1351	user1351
1352	user1352
1353	user1353
1354	user1354
1355	user1355
1356	user1356
1357	user1357
1358	user1358
1359	user1359
1360	user1360
1361	user1361
1362	user1362
1363	user1363
1364	user1364
1365	user1365
1366	user1366
1367	user1367
1368	user1368
1369	user1369
1370	user1370
1371	user1371
1372	user1372
1373	user1373
1374	user1374
1375	user1375
1376	user1376
1377	user1377
1378	user1378
1379	user1379
1380	user1380
1381	user1381
1382	user1382
1383	user1383
1384	user1384
1385	user1385
1386	user1386
1387	user1387
1388	user1388
1389	user1389
1390	user1390
1391	user1391
1392	user1392
1393	user1393
1394	user1394
1395	user1395
1396	user1396
1397	user1397
1398	user1398
1399	user1399
1400	user1400
1401	user1401
1402	user1402
1403	user1403
1404	user1404
1405	user1405
1406	user1406
1407	user1407
1408	user1408
1409	user1409
1410	user1410
1411	user1411
1412	user1412
1413	user1413
1414	user1414
1415	user1415
1416	user1416
1417	user1417
1418	user1418
1419	user1419
1420	user1420
1421	user1421
1422	user1422
1423	user1423
1424	user1424
1425	user1425
1426	user1426
1427	user1427
1428	user1428
1429	user1429
1430	user1430
1431	user1431
1432	user1432
1433	user1433
1434	user1434
1435	user1435
1436	user1436
1437	user1437
1438	user1438
1439	user1439
1440	user1440
1441	user1441
1442	user1442
1443	user1443
1444	user1444
1445	user1445
1446	user1446
1447	user1447
1448	user1448
1449	user1449
1450	user1450
1451	user1451
1452	user1452
1453	user1453
1454	user1454
1455	user1455
1456	user1456
1457	user1457
1458	user1458
1459	user1459
1460	user1460
1461	user1461
1462	user1462
1463	user1463
1464	user1464
1465	user1465
1466	user1466
1467	user1467
1468	user1468
1469	user1469
1470	user1470
1471	user1471
1472	user1472
1473	user1473
1474	user1474
1475	user1475
1476	user1476
1477	user1477
1478	user1478
1479	user1479
1480	user1480
1481	user1481
1482	user1482
1483	user1483
1484	user1484
1485	user1485
1486	user1486
1487	user1487
1488	user1488
1489	user1489
1490	user1490
1491	user1491
1492	user1492
1493	user1493
1494	user1494
1495	user1495
1496	user1496
1497	user1497
1498	user1498
1499	user1499
1500	user1500
1501	user1501
1502	user1502
1503	user1503
1504	user1504
1505	user1505
1506	user1506
1507	user1507
1508	user1508
1509	user1509
1510	user1510
1511	user1511
1512	user1512
1513	user1513
1514	user1514
1515	user1515
1516	user1516
1517	user1517
1518	user1518
1519	user1519
1520	user1520
1521	user1521
1522	user1522
1523	user1523
1524	user1524
1525	user1525
1526	user1526
1527	user1527
1528	user1528
1529	user1529
1530	user1530
1531	user1531
1532	user1532
1533	user1533
1534	user1534
1535	user1535
1536	user1536
1537	user1537
1538	user1538
1539	user1539
1540	user1540
1541	user1541
1542	user1542
1543	user1543
1544	user1544
1545	user1545
1546	user1546
1547	user1547
1548	user1548
1549	user1549
1550	user1550
1551	user1551
1552	user1552
1553	user1553
1554	user1554
1555	user1555
1556	user1556
1557	user1557
1558	user1558
1559	user1559
1560	user1560
1561	user1561
1562	user1562
1563	user1563
1564	user1564
1565	user1565
1566	user1566
1567	user1567
1568	user1568
1569	user1569
1570	user1570
1571	user1571
1572	user1572
1573	user1573
1574	user1574
1575	user1575
1576	user1576
1577	user1577
1578	user1578
1579	user1579
1580	user1580
1581	user1581
1582	user1582
1583	user1583
1584	user1584
1585	user1585
1586	user1586
1587	user1587
1588	user1588
1589	user1589
1590	user1590
1591	user1591
1592	user1592
1593	user1593
1594	user1594
1595	user1595
1596	user1596
1597	user1597
1598	user1598
1599	user1599
1600	user1600
1601	user1601
1602	user1602
1603	user1603
1604	user1604
1605	user1605
1606	user1606
1607	user1607
1608	user1608
1609	user1609
1610	user1610
1611	user1611
1612	user1612
1613	user1613
1614	user1614
1615	user1615
1616	user1616
1617	user1617
1618	user1618
1619	user1619
1620	user1620
1621	user1621
1622	user1622
1623	user1623
1624	user1624
1625	user1625
1626	user1626
1627	user1627
1628	user1628
1629	user1629
1630	user1630
1631	user1631
1632	user1632
1633	user1633
1634	user1634
1635	user1635
1636	user1636
1637	user1637
1638	user1638
1639	user1639
1640	user1640
1641	user1641
1642	user1642
1643	user1643
1644	user1644
1645	user1645
1646	user1646
1647	user1647
1648	user1648
1649	user1649
1650	user1650
1651	user1651
1652	user1652
1653	user1653
1654	user1654
1655	user1655
1656	user1656
1657	user1657
1658	user1658
1659	user1659
1660	user1660
1661	user1661
1662	user1662
1663	user1663
1664	user1664
1665	user1665
1666	user1666
1667	user1667
1668	user1668
1669	user1669
1670	user1670
1671	user1671
1672	user1672
1673	user1673
1674	user1674
1675	user1675
1676	user1676
1677	user1677
1678	user1678
1679	user1679
1680	user1680
1681	user1681
1682	user1682
1683	user1683
1684	user1684
1685	user1685
1686	user1686
1687	user1687
1688	user1688
1689	user1689
1690	user1690
1691	user1691
1692	user1692
1693	user1693
1694	user1694
1695	user1695
1696	user1696
1697	user1697
1698	user1698
1699	user1699
1700	user1700
1701	user1701
1702	user1702
1703	user1703
1704	user1704
1705	user1705
1706	user1706
1707	user1707
1708	user1708
1709	user1709
1710	user1710
1711	user1711
1712	user1712
1713	user1713
1714	user1714
1715	user1715
1716	user1716
1717	user1717
1718	user1718
1719	user1719
1720	user1720
1721	user1721
1722	user1722
1723	user1723
1724	user1724
1725	user1725
1726	user1726
1727	user1727
1728	user1728
1729	user1729
1730	user1730
1731	user1731
1732	user1732
1733	user1733
1734	user1734
1735	user1735
1736	user1736
1737	user1737
1738	user1738
1739	user1739
1740	user1740
1741	user1741
1742	user1742
1743	user1743
1744	user1744
1745	user1745
1746	user1746
1747	user1747
1748	user1748
1749	user1749
1750	user1750
1751	user1751
1752	user1752
1753	user1753
1754	user1754
1755	user1755
1756	user1756
1757	user1757
1758	user1758
1759	user1759
1760	user1760
1761	user1761
1762	user1762
1763	user1763
1764	user1764
1765	user1765
1766	user1766
1767	user1767
1768	user1768
1769	user1769
1770	user1770
1771	user1771
1772	user1772
1773	user1773
1774	user1774
1775	user1775
1776	user1776
1777	user1777
1778	user1778
1779	user1779
1780	user1780
1781	user1781
1782	user1782
1783	user1783
1784	user1784
1785	user1785
1786	user1786
1787	user1787
1788	user1788
1789	user1789
1790	user1790
1791	user1791
1792	user1792
1793	user1793
1794	user1794
1795	user1795
1796	user1796
1797	user1797
1798	user1798
1799	user1799
1800	user1800
1801	user1801
1802	user1802
1803	user1803
1804	user1804
1805	user1805
1806	user1806
1807	user1807
1808	user1808
1809	user1809
1810	user1810
1811	user1811
1812	user1812
1813	user1813
1814	user1814
1815	user1815
1816	user1816
1817	user1817
1818	user1818
1819	user1819
1820	user1820
1821	user1821
1822	user1822
1823	user1823
1824	user1824
1825	user1825
1826	user1826
1827	user1827
1828	user1828
1829	user1829
1830	user1830
1831	user1831
1832	user1832
1833	user1833
1834	user1834
1835	user1835
1836	user1836
1837	user1837
1838	user1838
1839	user1839
1840	user1840
1841	user1841
1842	user1842
1843	user1843
1844	user1844
1845	user1845
1846	user1846
1847	user1847
1848	user1848
1849	user1849
1850	user1850
1851	user1851
1852	user1852
1853	user1853
1854	user1854
1855	user1855
1856	user1856
1857	user1857
1858	user1858
1859	user1859
1860	user1860
1861	user1861
1862	user1862
1863	user1863
1864	user1864
1865	user1865
1866	user1866
1867	user1867
1868	user1868
1869	user1869
1870	user1870
1871	user1871
1872	user1872
1873	user1873
1874	user1874
1875	user1875
1876	user1876
1877	user1877
1878	user1878
1879	user1879
1880	user1880
1881	user1881
1882	user1882
1883	user1883
1884	user1884
1885	user1885
1886	user1886
1887	user1887
1888	user1888
1889	user1889
1890	user1890
1891	user1891
