2001	2001
2005	2005
2006	2006
2007	2007
2008	2008
2009	2009
2010	2010
2011	2011
2012	2012
2013	2013
2014	2014
2015	2015
2016	2016
2017	2017
2023	2023
2025	2025
2026	2026
2027	2027
2029	2029
2030	2030
2031	2031
2032	2032
2033	2033
2034	2034
2035	2035
2036	2036
2039	2039
2040	2040
2041	2041
2043	2043
2045	2045
2046	2046
2047	2047
2048	2048
2049	2049
2050	2050
2051	2051
2052	2052
2053	2053
2055	2055
2057	2057
2058	2058
2059	2059
2060	2060
2061	2061
2062	2062
2063	2063
2064	2064
2065	2065
2066	2066
2067	2067
2069	2069
2070	2070
2071	2071
2074	2074
2075	2075
2076	2076
2078	2078
2079	2079
2080	2080
2082	2082
2083	2083
2084	2084
2085	2085
2087	2087
2089	2089
2090	2090
2091	2091
2092	2092
2093	2093
2094	2094
2095	2095
2097	2097
2101	2101
2120	2120
2131	2131
2132	2132
2145	2145
2146	2146
2147	2147
2148	2148
2149	2149
2150	2150
2151	2151
2153	2153
2155	2155
2156	2156
2157	2157
2159	2159
2160	2160
2161	2161
2164	2164
2165	2165
2166	2166
2167	2167
2168	2168
2169	2169
2170	2170
2172	2172
2174	2174
2175	2175
2176	2176
2177	2177
2178	2178
2179	2179
2180	2180
2181	2181
2182	2182
2183	2183
2184	2184
2185	2185
2186	2186
2187	2187
2188	2188
2189	2189
2190	2190
2191	2191
2192	2192
2193	2193
2194	2194
2195	2195
2196	2196
2197	2197
2198	2198
2199	2199
2200	2200
2201	2201
2202	2202
2203	2203
2204	2204
2205	2205
2206	2206
2208	2208
2209	2209
2210	2210
2211	2211
2212	2212
2213	2213
2214	2214
2215	2215
2216	2216
2217	2217
2219	2219
2220	2220
2221	2221
2222	2222
2223	2223
2224	2224
2225	2225
2227	2227
2228	2228
2229	2229
2230	2230
2231	2231
2232	2232
2233	2233
2234	2234
2235	2235
2239	2239
2240	2240
2241	2241
2243	2243
2244	2244
2245	2245
2246	2246
2247	2247
2250	2250
2251	2251
2252	2252
2255	2255
2256	2256
2257	2257
2259	2259
2260	2260
2261	2261
2262	2262
2264	2264
2265	2265
2270	2270
2272	2272
2273	2273
2277	2277
2279	2279
2280	2280
2281	2281
2282	2282
2283	2283
2284	2284
2285	2285
2286	2286
2287	2287
2288	2288
2289	2289
2290	2290
2291	2291
2292	2292
2293	2293
2294	2294
2295	2295
2296	2296
2297	2297
2298	2298
2299	2299
2300	2300
2301	2301
2302	2302
2303	2303
2304	2304
2305	2305
2306	2306
2307	2307
2308	2308
2310	2310
2311	2311
2312	2312
2314	2314
2315	2315
2316	2316
2317	2317
2318	2318
2319	2319
2320	2320
2321	2321
2322	2322
2323	2323
2324	2324
2325	2325
2326	2326
2327	2327
2328	2328
2334	2334
2336	2336
2338	2338
2340	2340
2342	2342
2343	2343
2344	2344
2346	2346
2348	2348
2349	2349
2350	2350
2351	2351
2353	2353
2354	2354
2356	2356
2358	2358
2360	2360
2361	2361
2363	2363
2364	2364
2365	2365
2368	2368
2369	2369
2370	2370
2371	2371
2372	2372
2373	2373
2374	2374
2377	2377
2378	2378
2380	2380
2382	2382
2383	2383
2384	2384
2387	2387
2390	2390
2391	2391
2393	2393
2394	2394
2397	2397
2399	2399
2401	2401
2402	2402
2403	2403
2406	2406
2407	2407
2410	2410
2412	2412
2413	2413
2414	2414
2415	2415
2416	2416
2417	2417
2418	2418
2419	2419
2420	2420
2421	2421
2422	2422
2423	2423
2424	2424
2425	2425
2426	2426
2427	2427
2428	2428
2430	2430
2431	2431
2432	2432
2433	2433
2434	2434
2435	2435
2436	2436
2437	2437
2438	2438
2439	2439
2440	2440
2441	2441
2442	2442
2444	2444
2447	2447
2448	2448
2449	2449
2450	2450
2451	2451
2452	2452
2453	2453
2454	2454
2455	2455
2456	2456
2457	2457
2458	2458
2459	2459
2460	2460
2461	2461
2462	2462
2463	2463
2464	2464
2465	2465
2466	2466
2468	2468
2469	2469
2470	2470
2471	2471
2472	2472
2473	2473
2475	2475
2476	2476
2478	2478
2479	2479
2480	2480
2481	2481
2482	2482
2483	2483
2484	2484
2485	2485
2486	2486
2487	2487
2488	2488
2490	2490
2491	2491
2492	2492
2493	2493
2494	2494
2495	2495
2496	2496
2497	2497
2498	2498
2500	2500
2501	2501
2504	2504
2505	2505
2506	2506
2508	2508
2509	2509
2510	2510
2511	2511
2512	2512
2513	2513
2515	2515
2516	2516
2517	2517
2518	2518
2519	2519
2520	2520
2521	2521
2522	2522
2523	2523
2524	2524
2525	2525
2526	2526
2527	2527
2528	2528
2529	2529
2530	2530
2531	2531
2532	2532
2533	2533
2534	2534
2535	2535
2536	2536
2537	2537
2538	2538
2539	2539
2540	2540
2541	2541
2542	2542
2548	2548
2556	2556
2557	2557
2559	2559
2561	2561
2563	2563
2564	2564
2566	2566
2569	2569
2570	2570
2572	2572
2574	2574
2575	2575
2576	2576
2577	2577
2579	2579
2585	2585
2586	2586
2593	2593
2595	2595
2596	2596
2597	2597
2598	2598
2599	2599
2600	2600
2601	2601
2603	2603
2604	2604
2606	2606
2607	2607
2608	2608
2609	2609
2610	2610
2611	2611
2612	2612
2613	2613
2614	2614
2615	2615
2616	2616
2619	2619
2621	2621
2623	2623
2624	2624
2625	2625
2626	2626
2629	2629
2631	2631
2632	2632
2635	2635
2638	2638
2640	2640
2646	2646
2654	2654
2655	2655
2663	2663
2668	2668
2670	2670
2673	2673
2674	2674
2675	2675
2676	2676
2677	2677
2679	2679
2680	2680
2681	2681
2682	2682
2683	2683
2684	2684
2685	2685
2686	2686
2687	2687
2688	2688
2690	2690
2691	2691
2693	2693
2695	2695
2697	2697
2698	2698
2699	2699
2700	2700
2701	2701
2702	2702
2703	2703
2704	2704
2705	2705
2706	2706
2708	2708
2709	2709
2710	2710
2711	2711
2712	2712
2714	2714
2716	2716
2718	2718
2719	2719
2720	2720
2721	2721
2722	2722
2724	2724
2726	2726
2727	2727
2728	2728
2729	2729
2731	2731
2735	2735
2738	2738
2739	2739
2740	2740
2742	2742
2743	2743
2745	2745
2746	2746
2747	2747
2748	2748
2749	2749
2750	2750
2754	2754
2758	2758
2759	2759
2760	2760
2761	2761
2763	2763
2768	2768
2769	2769
2770	2770
2773	2773
2776	2776
2777	2777
2778	2778
2779	2779
2780	2780
2781	2781
2782	2782
2783	2783
2784	2784
2785	2785
2786	2786
2788	2788
2789	2789
2791	2791
2793	2793
2794	2794
2795	2795
2796	2796
2797	2797
2799	2799
2800	2800
2801	2801
2802	2802
2803	2803
2804	2804
2805	2805
2806	2806
2807	2807
2809	2809
2811	2811
2812	2812
2814	2814
2815	2815
2816	2816
2817	2817
2820	2820
2821	2821
2822	2822
2823	2823
2825	2825
2826	2826
2828	2828
2830	2830
2831	2831
2832	2832
2833	2833
2834	2834
2836	2836
2837	2837
2841	2841
2842	2842
2843	2843
2845	2845
2846	2846
2847	2847
2848	2848
2849	2849
2850	2850
2851	2851
2852	2852
2853	2853
2854	2854
2855	2855
2856	2856
2857	2857
2858	2858
2859	2859
2860	2860
2862	2862
2865	2865
2866	2866
2868	2868
2869	2869
2870	2870
2871	2871
2872	2872
2873	2873
2874	2874
2876	2876
2877	2877
2878	2878
2880	2880
2882	2882
2883	2883
2886	2886
2887	2887
2889	2889
2890	2890
2891	2891
2892	2892
2894	2894
2896	2896
2897	2897
2898	2898
2899	2899
2900	2900
2901	2901
2902	2902
2903	2903
2904	2904
2905	2905
2906	2906
2908	2908
2909	2909
2910	2910
2911	2911
2913	2913
2914	2914
2915	2915
2919	2919
2921	2921
2922	2922
2923	2923
2927	2927
2928	2928
2931	2931
2933	2933
2934	2934
2935	2935
2936	2936
2937	2937
2938	2938
2940	2940
2942	2942
2943	2943
2944	2944
2945	2945
2946	2946
2947	2947
2948	2948
2950	2950
2952	2952
2953	2953
2954	2954
2955	2955
2956	2956
2957	2957
2958	2958
2959	2959
2960	2960
2961	2961
2962	2962
2963	2963
2965	2965
2966	2966
2968	2968
2969	2969
2970	2970
2971	2971
2972	2972
2973	2973
2976	2976
2977	2977
2978	2978
2980	2980
2982	2982
2983	2983
2984	2984
2985	2985
2986	2986
2988	2988
2989	2989
2990	2990
2991	2991
2992	2992
2995	2995
2996	2996
2997	2997
2999	2999
3000	3000
3002	3002
3004	3004
3005	3005
3006	3006
3008	3008
3010	3010
3011	3011
3012	3012
3018	3018
3019	3019
3020	3020
3023	3023
3025	3025
3026	3026
3027	3027
3028	3028
3029	3029
3031	3031
3032	3032
3033	3033
3034	3034
3035	3035
3036	3036
3037	3037
3038	3038
3039	3039
3042	3042
3043	3043
3044	3044
3045	3045
3046	3046
3048	3048
3050	3050
3052	3052
3053	3053
3055	3055
3057	3057
3058	3058
3060	3060
3063	3063
3064	3064
3066	3066
3067	3067
3070	3070
3072	3072
3074	3074
3076	3076
3080	3080
3081	3081
3082	3082
3083	3083
3084	3084
3085	3085
3086	3086
3088	3088
3089	3089
3090	3090
3091	3091
3092	3092
3094	3094
3095	3095
3096	3096
3097	3097
3098	3098
3100	3100
3101	3101
3103	3103
3104	3104
3105	3105
3107	3107
3108	3108
3109	3109
3110	3110
3112	3112
3113	3113
3114	3114
3115	3115
3117	3117
3118	3118
3121	3121
3122	3122
3123	3123
3124	3124
3125	3125
3126	3126
3133	3133
3134	3134
3136	3136
3137	3137
3139	3139
3141	3141
3142	3142
3145	3145
3146	3146
3147	3147
3150	3150
3151	3151
3152	3152
3153	3153
3154	3154
3155	3155
3158	3158
3162	3162
3168	3168
3170	3170
3171	3171
3172	3172
3173	3173
3174	3174
3175	3175
3176	3176
3177	3177
3178	3178
3179	3179
3180	3180
3181	3181
3182	3182
3183	3183
3184	3184
3185	3185
3186	3186
3187	3187
3188	3188
3189	3189
3191	3191
3192	3192
3193	3193
3194	3194
3196	3196
3197	3197
3198	3198
3201	3201
3204	3204
3205	3205
3207	3207
3211	3211
3212	3212
3213	3213
3216	3216
3217	3217
3218	3218
3219	3219
3220	3220
3222	3222
3228	3228
3230	3230
3231	3231
3232	3232
3233	3233
3234	3234
3235	3235
3237	3237
3238	3238
3239	3239
3240	3240
3244	3244
3245	3245
3248	3248
3250	3250
3251	3251
3252	3252
3254	3254
3255	3255
3261	3261
3265	3265
3267	3267
3268	3268
3272	3272
3276	3276
3283	3283
3284	3284
3285	3285
3286	3286
3287	3287
3288	3288
3289	3289
3290	3290
3291	3291
3294	3294
3297	3297
3303	3303
3306	3306
3323	3323
3328	3328
3329	3329
3330	3330
3333	3333
3334	3334
3335	3335
3338	3338
3339	3339
3340	3340
3341	3341
3342	3342
3343	3343
3344	3344
3349	3349
3351	3351
3355	3355
3357	3357
3360	3360
3363	3363
3366	3366
3367	3367
3368	3368
3369	3369
3370	3370
3371	3371
3372	3372
3373	3373
3374	3374
3375	3375
3376	3376
3380	3380
3381	3381
3383	3383
3385	3385
3386	3386
3387	3387
3388	3388
3389	3389
3390	3390
3391	3391
3392	3392
3393	3393
3395	3395
3396	3396
3397	3397
3399	3399
3400	3400
3401	3401
3402	3402
3403	3403
3404	3404
3405	3405
3406	3406
3407	3407
3409	3409
3412	3412
3413	3413
3414	3414
3415	3415
3416	3416
3417	3417
3418	3418
3419	3419
3420	3420
3421	3421
3423	3423
3424	3424
3427	3427
3429	3429
3431	3431
3432	3432
3434	3434
3435	3435
3438	3438
3440	3440
3441	3441
3442	3442
3443	3443
3444	3444
3446	3446
3447	3447
3448	3448
3449	3449
3450	3450
3453	3453
3454	3454
3455	3455
3459	3459
3460	3460
3461	3461
3466	3466
3472	3472
3476	3476
3477	3477
3480	3480
3482	3482
3483	3483
3493	3493
3494	3494
3495	3495
3496	3496
3498	3498
3500	3500
3501	3501
3502	3502
3503	3503
3504	3504
3506	3506
3507	3507
3508	3508
3509	3509
3510	3510
3511	3511
3512	3512
3513	3513
3514	3514
3517	3517
3518	3518
3519	3519
3522	3522
3524	3524
3525	3525
3526	3526
3528	3528
3531	3531
3532	3532
3535	3535
3536	3536
3538	3538
3542	3542
3543	3543
3544	3544
3546	3546
3547	3547
3548	3548
3552	3552
3567	3567
3571	3571
3581	3581
3587	3587
3588	3588
3592	3592
3593	3593
3600	3600
3601	3601
3604	3604
3605	3605
3611	3611
3613	3613
3618	3618
3622	3622
3623	3623
3624	3624
3627	3627
3630	3630
3631	3631
3632	3632
3634	3634
3636	3636
3639	3639
3641	3641
3645	3645
3650	3650
3651	3651
3653	3653
3660	3660
3661	3661
3663	3663
3664	3664
3665	3665
3669	3669
3670	3670
3671	3671
3672	3672
3675	3675
3677	3677
3678	3678
3679	3679
3680	3680
3681	3681
3682	3682
3685	3685
3687	3687
3689	3689
3691	3691
3692	3692
3694	3694
3695	3695
3696	3696
3697	3697
3698	3698
3699	3699
3700	3700
3701	3701
3702	3702
3704	3704
3705	3705
3708	3708
3709	3709
3712	3712
3716	3716
3717	3717
3720	3720
3722	3722
3723	3723
3726	3726
3727	3727
3728	3728
3729	3729
3731	3731
3734	3734
3736	3736
3738	3738
3743	3743
3746	3746
3751	3751
3752	3752
3754	3754
3755	3755
3757	3757
3758	3758
3759	3759
3761	3761
3762	3762
3763	3763
3766	3766
3767	3767
3768	3768
3769	3769
3772	3772
3773	3773
3777	3777
3778	3778
3779	3779
3780	3780
3781	3781
3782	3782
3784	3784
3786	3786
3787	3787
3788	3788
3790	3790
3791	3791
3792	3792
3793	3793
3794	3794
3795	3795
3797	3797
3798	3798
3799	3799
3800	3800
3801	3801
3802	3802
3803	3803
3804	3804
3805	3805
3807	3807
3808	3808
3811	3811
3815	3815
3816	3816
3817	3817
3818	3818
3823	3823
3824	3824
3825	3825
3826	3826
3827	3827
3828	3828
3830	3830
3835	3835
3839	3839
3843	3843
3844	3844
3845	3845
3846	3846
3848	3848
3849	3849
3850	3850
3851	3851
3852	3852
3854	3854
3857	3857
3858	3858
3859	3859
3861	3861
3864	3864
3865	3865
3866	3866
3869	3869
3872	3872
3874	3874
3875	3875
3876	3876
3877	3877
3879	3879
3880	3880
3881	3881
3882	3882
3883	3883
3884	3884
3886	3886
3888	3888
3890	3890
3891	3891
3892	3892
3894	3894
3895	3895
3900	3900
3902	3902
3903	3903
3906	3906
3907	3907
3910	3910
3911	3911
3914	3914
3919	3919
3920	3920
3921	3921
3922	3922
3926	3926
3928	3928
3929	3929
3930	3930
3931	3931
3932	3932
3933	3933
3934	3934
3935	3935
3937	3937
3938	3938
3939	3939
3942	3942
3943	3943
3944	3944
3945	3945
3948	3948
3949	3949
3950	3950
3951	3951
3954	3954
3955	3955
3956	3956
3959	3959
3960	3960
3961	3961
3962	3962
3963	3963
3964	3964
3965	3965
3966	3966
3968	3968
3969	3969
3970	3970
3971	3971
3973	3973
3974	3974
3975	3975
3977	3977
3979	3979
3983	3983
3985	3985
3988	3988
3991	3991
3994	3994
3998	3998
3999	3999
4003	4003
4004	4004
4005	4005
4006	4006
4007	4007
4008	4008
4009	4009
4010	4010
4011	4011
4012	4012
4013	4013
4014	4014
4015	4015
4016	4016
4020	4020
4023	4023
4024	4024
4028	4028
4029	4029
4032	4032
4036	4036
4039	4039
4040	4040
4044	4044
4047	4047
4052	4052
4053	4053
4056	4056
4060	4060
4061	4061
4064	4064
4065	4065
4066	4066
4067	4067
4068	4068
4069	4069
4071	4071
4073	4073
4074	4074
4076	4076
4077	4077
4079	4079
4082	4082
4083	4083
4085	4085
4086	4086
4087	4087
4089	4089
4091	4091
4096	4096
4106	4106
4108	4108
4112	4112
4113	4113
4115	4115
4116	4116
4117	4117
4118	4118
4119	4119
4121	4121
4122	4122
4124	4124
4128	4128
4131	4131
4133	4133
4134	4134
4135	4135
4136	4136
4139	4139
4143	4143
4146	4146
4150	4150
4157	4157
4159	4159
4160	4160
4161	4161
4164	4164
4168	4168
4169	4169
4172	4172
4177	4177
4178	4178
4181	4181
4185	4185
4188	4188
4189	4189
4191	4191
4195	4195
4196	4196
4199	4199
4205	4205
4207	4207
4211	4211
4221	4221
4227	4227
4232	4232
4236	4236
4237	4237
4249	4249
4250	4250
4253	4253
4254	4254
4256	4256
4261	4261
4262	4262
4264	4264
4265	4265
4266	4266
4274	4274
4283	4283
4285	4285
4297	4297
4315	4315
4323	4323
4324	4324
4326	4326
4327	4327
4328	4328
4329	4329
4331	4331
4332	4332
4335	4335
4336	4336
4337	4337
4345	4345
4347	4347
4348	4348
4349	4349
4351	4351
4354	4354
4355	4355
4357	4357
4359	4359
4360	4360
4364	4364
4365	4365
4366	4366
4368	4368
4369	4369
4375	4375
4377	4377
4380	4380
4381	4381
4383	4383
4387	4387
4390	4390
4392	4392
4393	4393
4400	4400
4401	4401
4404	4404
4409	4409
4410	4410
4411	4411
4413	4413
4414	4414
4415	4415
4417	4417
4418	4418
4420	4420
4421	4421
4422	4422
4424	4424
4425	4425
4427	4427
4429	4429
4431	4431
4434	4434
4436	4436
4438	4438
4439	4439
4440	4440
4443	4443
4444	4444
4445	4445
4447	4447
4448	4448
4452	4452
4453	4453
4454	4454
4455	4455
4456	4456
4457	4457
4458	4458
4460	4460
4463	4463
4466	4466
4471	4471
4472	4472
4473	4473
4475	4475
4476	4476
4478	4478
4483	4483
4485	4485
4500	4500
4504	4504
4506	4506
4507	4507
4509	4509
4511	4511
4512	4512
4513	4513
4514	4514
4515	4515
4517	4517
4518	4518
4519	4519
4521	4521
4522	4522
4523	4523
4524	4524
4525	4525
4526	4526
4528	4528
4532	4532
4534	4534
4536	4536
4538	4538
4539	4539
4542	4542
4545	4545
4549	4549
4552	4552
4553	4553
4554	4554
4556	4556
4559	4559
4560	4560
4562	4562
4564	4564
4565	4565
4566	4566
4567	4567
4571	4571
4573	4573
4574	4574
4575	4575
4578	4578
4580	4580
4581	4581
4582	4582
4585	4585
4586	4586
4587	4587
4588	4588
4589	4589
4590	4590
4591	4591
4592	4592
4594	4594
4596	4596
4597	4597
4598	4598
4599	4599
4601	4601
4604	4604
4605	4605
4606	4606
4607	4607
4608	4608
4609	4609
4610	4610
4612	4612
4613	4613
4614	4614
4617	4617
4618	4618
4619	4619
4620	4620
4621	4621
4623	4623
4625	4625
4626	4626
4632	4632
4633	4633
4634	4634
4635	4635
4640	4640
4641	4641
4644	4644
4645	4645
4646	4646
4647	4647
4648	4648
4649	4649
4650	4650
4651	4651
4652	4652
4653	4653
4655	4655
4656	4656
4657	4657
4661	4661
4668	4668
4671	4671
4673	4673
4678	4678
4679	4679
4682	4682
4688	4688
4691	4691
4696	4696
4703	4703
4715	4715
4718	4718
4722	4722
4723	4723
4724	4724
4726	4726
4727	4727
4729	4729
4743	4743
4745	4745
4751	4751
4752	4752
4755	4755
4761	4761
4763	4763
4764	4764
4765	4765
4766	4766
4767	4767
4768	4768
4769	4769
4770	4770
4774	4774
4777	4777
4779	4779
4781	4781
4783	4783
4791	4791
4793	4793
4795	4795
4797	4797
4798	4798
4800	4800
4801	4801
4803	4803
4804	4804
4808	4808
4809	4809
4810	4810
4814	4814
4815	4815
4816	4816
4818	4818
4819	4819
4820	4820
4821	4821
4822	4822
4823	4823
4827	4827
4830	4830
4831	4831
4832	4832
4833	4833
4835	4835
4837	4837
4838	4838
4839	4839
4841	4841
4844	4844
4851	4851
4853	4853
4873	4873
4874	4874
4876	4876
4879	4879
4881	4881
4882	4882
4886	4886
4887	4887
4896	4896
4899	4899
4901	4901
4903	4903
4904	4904
4910	4910
4911	4911
4915	4915
4916	4916
4917	4917
4918	4918
4919	4919
4920	4920
4921	4921
4924	4924
4932	4932
4936	4936
4939	4939
4941	4941
4942	4942
4943	4943
4944	4944
4946	4946
4947	4947
4949	4949
4950	4950
4951	4951
4953	4953
4955	4955
4956	4956
4957	4957
4958	4958
4961	4961
4962	4962
4963	4963
4964	4964
4966	4966
4967	4967
4968	4968
4970	4970
4983	4983
4991	4991
4999	4999
5004	5004
5006	5006
5007	5007
5008	5008
5010	5010
5012	5012
5013	5013
5020	5020
5021	5021
5023	5023
5026	5026
5027	5027
5031	5031
5033	5033
5036	5036
5037	5037
5038	5038
5040	5040
5043	5043
5045	5045
5047	5047
5050	5050
5051	5051
5053	5053
5054	5054
5058	5058
5059	5059
5060	5060
5061	5061
5062	5062
5064	5064
5067	5067
5068	5068
5074	5074
5077	5077
5084	5084
5085	5085
5089	5089
5090	5090
5092	5092
5099	5099
5104	5104
5105	5105
5107	5107
5108	5108
5109	5109
5112	5112
5138	5138
5144	5144
5151	5151
5153	5153
5156	5156
5157	5157
5163	5163
5164	5164
5166	5166
5167	5167
5171	5171
5173	5173
5176	5176
5177	5177
5178	5178
5180	5180
5181	5181
5182	5182
5184	5184
5185	5185
5186	5186
5189	5189
5191	5191
5195	5195
5196	5196
5200	5200
5201	5201
5202	5202
5203	5203
5207	5207
5210	5210
5215	5215
5218	5218
5221	5221
5222	5222
5227	5227
5229	5229
5230	5230
5235	5235
5242	5242
5243	5243
5244	5244
5248	5248
5251	5251
5252	5252
5253	5253
5254	5254
5256	5256
5257	5257
5262	5262
5263	5263
5265	5265
5267	5267
5270	5270
5271	5271
5273	5273
5276	5276
5277	5277
5279	5279
5280	5280
5281	5281
5282	5282
5283	5283
5284	5284
5285	5285
5287	5287
5291	5291
5293	5293
5295	5295
5296	5296
5298	5298
5304	5304
5317	5317
5320	5320
5327	5327
5330	5330
5332	5332
5333	5333
5334	5334
5336	5336
5338	5338
5339	5339
5340	5340
5341	5341
5345	5345
5347	5347
5349	5349
5350	5350
5354	5354
5355	5355
5356	5356
5360	5360
5361	5361
5362	5362
5363	5363
5367	5367
5368	5368
5374	5374
5376	5376
5379	5379
5380	5380
5388	5388
5390	5390
5391	5391
5393	5393
5394	5394
5395	5395
5399	5399
5401	5401
5403	5403
5404	5404
5405	5405
5406	5406
5407	5407
5408	5408
5414	5414
5418	5418
5419	5419
5421	5421
5422	5422
5423	5423
5424	5424
5425	5425
5427	5427
5429	5429
5430	5430
5431	5431
5432	5432
5433	5433
5434	5434
5435	5435
5436	5436
5437	5437
5438	5438
5439	5439
5444	5444
5445	5445
5451	5451
5452	5452
5453	5453
5454	5454
5460	5460
5461	5461
5463	5463
5464	5464
5465	5465
5466	5466
5468	5468
5471	5471
5477	5477
5481	5481
5501	5501
5507	5507
5508	5508
5512	5512
5513	5513
5518	5518
5520	5520
5525	5525
5526	5526
5533	5533
5534	5534
5538	5538
5553	5553
5566	5566
5567	5567
5569	5569
5571	5571
5574	5574
5576	5576
5580	5580
5584	5584
5589	5589
5594	5594
5598	5598
5600	5600
5601	5601
5602	5602
5603	5603
5604	5604
5608	5608
5612	5612
5613	5613
5616	5616
5617	5617
5618	5618
5620	5620
5621	5621
5627	5627
5630	5630
5631	5631
5632	5632
5633	5633
5637	5637
5639	5639
5640	5640
5641	5641
5643	5643
5645	5645
5646	5646
5653	5653
5654	5654
5656	5656
5659	5659
5661	5661
5662	5662
5663	5663
5665	5665
5667	5667
5668	5668
5669	5669
5670	5670
5671	5671
5672	5672
5673	5673
5674	5674
5677	5677
5678	5678
5680	5680
5682	5682
5687	5687
5691	5691
5692	5692
5693	5693
5695	5695
5698	5698
5700	5700
5701	5701
5702	5702
5703	5703
5704	5704
5705	5705
5712	5712
5716	5716
5719	5719
5721	5721
5722	5722
5729	5729
5730	5730
5733	5733
5736	5736
5741	5741
5751	5751
5756	5756
5757	5757
5783	5783
5785	5785
5787	5787
5792	5792
5794	5794
5795	5795
5797	5797
5801	5801
5808	5808
5810	5810
5812	5812
5813	5813
5814	5814
5816	5816
5817	5817
5820	5820
5825	5825
5826	5826
5829	5829
5843	5843
5844	5844
5845	5845
5851	5851
5852	5852
5858	5858
5864	5864
5869	5869
5870	5870
5872	5872
5890	5890
5909	5909
5912	5912
5915	5915
5916	5916
5917	5917
5919	5919
5921	5921
5926	5926
5927	5927
5928	5928
5946	5946
5948	5948
5949	5949
5951	5951
5952	5952
5953	5953
5955	5955
5960	5960
5961	5961
5962	5962
5975	5975
5982	5982
5988	5988
5993	5993
5998	5998
6003	6003
6008	6008
6009	6009
6011	6011
6014	6014
6018	6018
6021	6021
6022	6022
6026	6026
6030	6030
6032	6032
6035	6035
6039	6039
6040	6040
6041	6041
6042	6042
6045	6045
6046	6046
6051	6051
6052	6052
6053	6053
6059	6059
6069	6069
6071	6071
6072	6072
6078	6078
6080	6080
6081	6081
6082	6082
6084	6084
6086	6086
6087	6087
6089	6089
6093	6093
6094	6094
6095	6095
6096	6096
6097	6097
6100	6100
6105	6105
6107	6107
6110	6110
6112	6112
6114	6114
6115	6115
6117	6117
6124	6124
6127	6127
6132	6132
6134	6134
6139	6139
6141	6141
6142	6142
6144	6144
6145	6145
6146	6146
6148	6148
6158	6158
6161	6161
6167	6167
6168	6168
6170	6170
6171	6171
6173	6173
6176	6176
6178	6178
6180	6180
6187	6187
6188	6188
6189	6189
6202	6202
6206	6206
6207	6207
6208	6208
6210	6210
6213	6213
6224	6224
6225	6225
6227	6227
6232	6232
6233	6233
6257	6257
6258	6258
6260	6260
6262	6262
6265	6265
6266	6266
6270	6270
6272	6272
6275	6275
6277	6277
6281	6281
6282	6282
6285	6285
6291	6291
6298	6298
6300	6300
6301	6301
6303	6303
6310	6310
6344	6344
6348	6348
6350	6350
6351	6351
6352	6352
6353	6353
6355	6355
6358	6358
6360	6360
6363	6363
6364	6364
6368	6368
6372	6372
6373	6373
6374	6374
6375	6375
6378	6378
6381	6381
6386	6386
6388	6388
6393	6393
6394	6394
6395	6395
6397	6397
6401	6401
6408	6408
6410	6410
6426	6426
6438	6438
6444	6444
6447	6447
6449	6449
6456	6456
6464	6464
6465	6465
6466	6466
6467	6467
6468	6468
6470	6470
6471	6471
6472	6472
6478	6478
6481	6481
6482	6482
6491	6491
6492	6492
6503	6503
6506	6506
6511	6511
6514	6514
6515	6515
6517	6517
6519	6519
6522	6522
6523	6523
6524	6524
6526	6526
6555	6555
6573	6573
6576	6576
6579	6579
6587	6587
6592	6592
6600	6600
6601	6601
6602	6602
6603	6603
6604	6604
6605	6605
6606	6606
6609	6609
6610	6610
6617	6617
6620	6620
6621	6621
6622	6622
6624	6624
6632	6632
6637	6637
6640	6640
6646	6646
6652	6652
6657	6657
6663	6663
6664	6664
6669	6669
6674	6674
6677	6677
6680	6680
6683	6683
6690	6690
6692	6692
6697	6697
6700	6700
6701	6701
6704	6704
6707	6707
6708	6708
6709	6709
6710	6710
6711	6711
6712	6712
6713	6713
6718	6718
6721	6721
6723	6723
6724	6724
6727	6727
6740	6740
6742	6742
6755	6755
6761	6761
6762	6762
6765	6765
6766	6766
6769	6769
6770	6770
6773	6773
6777	6777
6786	6786
6802	6802
6807	6807
6808	6808
6810	6810
6812	6812
6813	6813
6817	6817
6818	6818
6826	6826
6831	6831
6838	6838
6860	6860
6861	6861
6870	6870
6878	6878
6884	6884
6885	6885
6890	6890
6891	6891
6910	6910
6917	6917
6920	6920
6922	6922
6926	6926
6930	6930
6934	6934
6935	6935
6947	6947
6949	6949
6951	6951
6955	6955
6956	6956
6957	6957
6958	6958
6960	6960
6963	6963
6966	6966
6973	6973
6983	6983
6984	6984
6989	6989
7000	7000
7007	7007
7021	7021
7028	7028
7030	7030
7031	7031
7034	7034
7035	7035
7038	7038
7046	7046
7049	7049
7053	7053
7056	7056
7061	7061
7065	7065
7073	7073
7083	7083
7086	7086
7096	7096
7097	7097
7098	7098
7107	7107
7113	7113
7114	7114
7115	7115
7116	7116
7117	7117
7127	7127
7132	7132
7134	7134
7135	7135
7136	7136
7138	7138
7144	7144
7145	7145
7175	7175
7177	7177
7184	7184
7186	7186
7188	7188
7191	7191
7224	7224
7226	7226
7231	7231
7236	7236
7238	7238
7243	7243
7253	7253
7290	7290
7292	7292
7294	7294
7298	7298
7299	7299
7301	7301
7303	7303
7305	7305
7306	7306
7307	7307
7312	7312
7315	7315
7317	7317
7319	7319
7322	7322
7324	7324
7330	7330
7331	7331
7337	7337
7350	7350
7353	7353
7358	7358
7363	7363
7365	7365
7366	7366
7381	7381
7410	7410
7411	7411
7414	7414
7424	7424
7426	7426
7442	7442
7471	7471
7477	7477
7482	7482
7492	7492
7507	7507
7508	7508
7513	7513
7515	7515
7516	7516
7526	7526
7537	7537
7543	7543
7544	7544
7547	7547
7555	7555
7563	7563
7564	7564
7620	7620
7621	7621
7624	7624
7629	7629
7642	7642
7643	7643
7647	7647
7660	7660
7662	7662
7664	7664
7665	7665
7681	7681
7708	7708
7711	7711
7716	7716
7719	7719
7720	7720
7722	7722
7754	7754
7758	7758
7765	7765
7766	7766
7788	7788
7789	7789
7800	7800
7801	7801
7802	7802
7804	7804
7809	7809
7822	7822
7823	7823
7825	7825
7828	7828
7833	7833
7841	7841
7844	7844
7847	7847
7853	7853
7859	7859
7863	7863
7881	7881
7883	7883
7891	7891
7907	7907
7921	7921
7923	7923
7927	7927
7929	7929
7939	7939
7950	7950
7995	7995
7996	7996
7998	7998
8005	8005
8007	8007
8012	8012
8021	8021
8025	8025
8026	8026
8034	8034
8035	8035
8036	8036
8040	8040
8057	8057
8062	8062
8064	8064
8066	8066
8071	8071
8077	8077
8078	8078
8080	8080
8085	8085
8092	8092
8097	8097
8098	8098
8101	8101
8104	8104
8106	8106
8107	8107
8110	8110
8120	8120
8122	8122
8124	8124
8125	8125
8127	8127
8131	8131
8132	8132
8140	8140
8155	8155
8161	8161
8162	8162
8165	8165
8166	8166
8167	8167
8168	8168
8170	8170
8171	8171
8178	8178
8214	8214
8230	8230
8231	8231
8242	8242
8244	8244
8257	8257
8258	8258
8259	8259
8265	8265
8276	8276
8277	8277
8278	8278
8287	8287
8297	8297
8306	8306
8310	8310
8311	8311
8312	8312
8319	8319
8321	8321
8330	8330
8363	8363
8385	8385
8387	8387
8392	8392
8397	8397
8398	8398
8399	8399
8400	8400
8401	8401
8406	8406
8420	8420
8425	8425
8428	8428
8439	8439
8440	8440
8443	8443
8452	8452
8458	8458
8460	8460
8466	8466
8472	8472
8476	8476
8477	8477
8479	8479
8484	8484
8489	8489
8536	8536
8543	8543
8545	8545
8548	8548
8551	8551
8571	8571
8579	8579
8580	8580
8582	8582
8583	8583
8584	8584
8586	8586
8587	8587
8588	8588
8594	8594
8597	8597
8603	8603
8611	8611
8614	8614
8615	8615
8617	8617
8620	8620
8624	8624
8628	8628
8647	8647
8679	8679
8685	8685
8691	8691
8702	8702
8733	8733
8742	8742
8756	8756
8761	8761
8765	8765
8770	8770
8775	8775
8785	8785
8805	8805
8812	8812
8813	8813
8814	8814
8816	8816
8856	8856
8886	8886
8895	8895
8902	8902
8904	8904
8919	8919
8924	8924
8926	8926
8927	8927
8929	8929
8944	8944
8948	8948
8967	8967
8971	8971
8985	8985
8995	8995
8996	8996
9000	9000
9005	9005
9008	9008
9018	9018
9025	9025
9031	9031
9035	9035
9038	9038
9039	9039
9042	9042
9107	9107
9108	9108
9109	9109
9113	9113
9171	9171
9172	9172
9174	9174
9176	9176
9177	9177
9179	9179
9188	9188
9191	9191
9195	9195
9196	9196
9200	9200
9219	9219
9226	9226
9233	9233
9234	9234
9251	9251
9263	9263
9270	9270
9292	9292
9293	9293
9296	9296
9314	9314
9337	9337
9349	9349
9367	9367
9372	9372
9465	9465
9468	9468
9481	9481
9485	9485
9492	9492
9502	9502
9505	9505
9507	9507
9546	9546
9548	9548
9565	9565
9566	9566
9580	9580
9581	9581
9593	9593
9594	9594
9600	9600
9604	9604
9627	9627
9648	9648
9649	9649
9651	9651
9652	9652
9655	9655
9663	9663
9681	9681
9685	9685
9691	9691
9702	9702
9744	9744
9752	9752
9819	9819
9842	9842
9857	9857
9858	9858
9862	9862
9869	9869
9882	9882
9886	9886
9896	9896
9926	9926
9936	9936
9938	9938
9941	9941
9946	9946
9962	9962
9967	9967
9968	9968
10022	10022
10036	10036
10037	10037
10051	10051
10061	10061
10065	10065
10071	10071
10081	10081
10119	10119
10120	10120
10157	10157
10171	10171
10178	10178
10179	10179
10197	10197
10220	10220
10221	10221
10238	10238
10253	10253
10258	10258
10260	10260
10263	10263
10266	10266
10278	10278
10303	10303
10309	10309
10354	10354
10381	10381
10382	10382
10386	10386
10388	10388
10391	10391
10393	10393
10399	10399
10441	10441
10448	10448
10455	10455
10458	10458
10469	10469
10471	10471
10473	10473
10474	10474
10475	10475
10477	10477
10479	10479
10499	10499
10500	10500
10501	10501
10504	10504
10507	10507
10510	10510
10511	10511
10518	10518
10522	10522
10584	10584
10592	10592
10595	10595
10620	10620
10627	10627
10643	10643
10656	10656
10668	10668
10694	10694
10699	10699
10716	10716
10729	10729
10758	10758
10762	10762
10846	10846
10911	10911
10927	10927
10950	10950
10954	10954
10997	10997
11001	11001
11027	11027
11052	11052
11088	11088
11101	11101
11111	11111
11114	11114
11151	11151
11200	11200
11224	11224
11237	11237
11252	11252
11312	11312
11352	11352
11398	11398
11399	11399
11403	11403
11451	11451
11482	11482
11493	11493
11532	11532
11548	11548
11583	11583
11587	11587
11588	11588
11590	11590
11630	11630
11664	11664
11683	11683
11702	11702
11810	11810
11840	11840
11943	11943
12025	12025
12033	12033
12042	12042
12073	12073
12109	12109
12127	12127
12133	12133
12145	12145
12164	12164
12203	12203
12229	12229
12276	12276
12320	12320
12324	12324
12325	12325
12327	12327
12352	12352
12375	12375
12380	12380
12385	12385
12424	12424
12439	12439
12485	12485
12533	12533
12545	12545
12625	12625
12637	12637
12639	12639
12706	12706
12728	12728
12743	12743
12787	12787
12814	12814
12863	12863
12865	12865
12885	12885
12886	12886
13018	13018
13085	13085
13102	13102
13168	13168
13204	13204
13213	13213
13216	13216
13264	13264
13340	13340
13355	13355
13397	13397
13450	13450
13478	13478
13493	13493
13583	13583
13594	13594
13607	13607
13681	13681
13739	13739
13817	13817
13969	13969
14108	14108
14152	14152
14412	14412
14441	14441
14802	14802
14813	14813
15330	15330
15999	15999
16040	16040
